{
  "objectId": null,
  "id": null,
  "activeState": "NA",
  "objectStatus": "NA",
  "objectUniqueId": null,
  "observationData": "Yes",
  "observationDate": "13-12-2018",
  "observationTime": "10:54:52",
  "observationTimestamp": "13-12-2018 10:54:52",
  "observationValue": "Yes",
  "batteryValue": "NA",
  "cepUserName": null,
  "objectName": null,
  "objectTypeName": null,
  "objectTypeId": null,
  "observationValueType": null,
  "taggedAgentId": null,
  "locationId": "56c4100560b2d8308f4bde21",
  "cepReceiverUserNameList": null,
  "sensorType": "SMUSensor",
  "taggedHomeId": null,
  "observationEvent": ""
}